<?xml version="1.0" encoding="UTF-8"?>
<application xmlns="http://java.sun.com/xml/ns/javaee"
       xmlns:xsi="http://www.w3.org/2001/XMLSchema-instance"
       xsi:schemaLocation="http://java.sun.com/xml/ns/javaee 
       http://java.sun.com/xml/ns/javaee/application_6.xsd"
       version="6">

  <description>Sample Demo Example For TAR Ball</description>
  <display-name>SAMPLE-APP</display-name>
  <module>
    <ejb>demoapp-ejb.jar</ejb>
  </module>
  <module>
    <web>
      <web-uri>demoapp-war.war</web-uri>
      <context-root>demoapp</context-root>
    </web>
  </module>
</application>


