<assembly xmlns="http://maven.apache.org/plugins/maven-assembly-plugin/assembly/1.1.2" xmlns:xsi="http://www.w3.org/2001/XMLSchema-instance"
    xsi:schemaLocation="http://maven.apache.org/plugins/maven-assembly-plugin/assembly/1.1.2 http://maven.apache.org/xsd/assembly-1.1.2.xsd">
    <id>make-properties-jar</id>
    <formats>
        <format>jar</format>
    </formats>
    <includeBaseDirectory>false</includeBaseDirectory>
    <fileSets>
    	<fileSet>
            <directory>${basedir}/../demoapp-ejb/src/main/resources/</directory>            
            <outputDirectory>/</outputDirectory>
            <includes>
                <include>*.properties</include>
                <include>*.xml</include>
            </includes>
        </fileSet> 
    </fileSets>
</assembly>

