<assembly xmlns="http://maven.apache.org/plugins/maven-assembly-plugin/assembly/1.1.2" xmlns:xsi="http://www.w3.org/2001/XMLSchema-instance"
    xsi:schemaLocation="http://maven.apache.org/plugins/maven-assembly-plugin/assembly/1.1.2 http://maven.apache.org/xsd/assembly-1.1.2.xsd">
    <id>make-ear-tar</id>    
    <formats>
        <format>tar</format>
    </formats>
    <includeBaseDirectory>false</includeBaseDirectory>
    <fileSets>
    	<fileSet>
            <directory>${basedir}/../demoapp-ear/code/tar/</directory>
            <outputDirectory>/</outputDirectory>
            <includes>
                <include>**/*</include>
            </includes>
        </fileSet>
       <fileSet>
            <directory>${basedir}/../demoapp-ear/target/</directory>
            <outputDirectory>/config/lib/</outputDirectory>
            <includes>
                <include>demoapp_properties.jar</include>
            </includes>
        </fileSet>         
        <fileSet>
            <directory>${basedir}/../demoapp-ear/target/</directory>
            <outputDirectory>/config/applications/</outputDirectory>
            <includes>
                <include>demoapp-ear.ear</include>
            </includes>
        </fileSet>
    </fileSets>
</assembly>

